/* Copyright (c) 2018 Anton Karmanov
 This file is a part of undergraduate's thesis. */

INSERT INTO artists VALUES (
  'Иванов Иван Иванович',
  1978
), (
  'Солнышко',
  2003
), (
  'Костерок',
  1997
), (
  'Весёлые Покойники',
  1995
), (
  'Пожравший Солнце',
  2007
);

INSERT INTO albums VALUES (
  'Лучшее',
  'Иванов Иван Иванович',
  1980
), (
  'Телема 93',
  'Костерок',
  2007
), (
  'А В Морге Тишь',
  'Весёлые Покойники',
  1997
), (
  'Поллюцинация',
  'Весёлые Покойники',
  2000
), (
  'Комсомольцы Съели Ленина',
  'Пожравший Солнце',
  2009
);

INSERT INTO songs VALUES (
  'Родина',
  'Иванов Иван Иванович',
  1980,
  'Марш',
  'Лучшее',
  9
), (
  'Счастье',
  'Солнышко',
  2005,
  'Поп',
  NULL,
  8
), (
  'Вивисектор-приз На Барабане',
  'Весёлые Покойники',
  1997,
  'Хардкор',
  'А В Морге Тишь',
  7
), (
  'Холодные Лодыжки',
  'Весёлые Покойники',
  1997,
  'Хардкор',
  'А В Морге Тишь',
  7
), (
  'Поминки Знахаря',
  'Пожравший Солнце',
  2018,
  'Мелодичный Дэткор',
  NULL,
  4
), (
  'Я — Бог:.',
  'Костерок',
  2007,
  'Постметал',
  'Телема 93',
  10
), (
  'Страшный шелест',
  'Костерок',
  1998,
  'Арт-рок',
  NULL,
  8
), (
  'Ночной комбайн',
  'Пожравший Солнце',
  2009,
  'Металкор',
  'Комсомольцы Съели Ленина',
  6
), (
  'Волки Уралмаша',
  'Пожравший Солнце',
  2009,
  'Металкор',
  'Комсомольцы Съели Ленина',
  5
), (
  'А Головы И Нет',
  'Весёлые Покойники',
  1997,
  'Хардкор',
  'А В Морге Тишь',
  8
), (
  'Котку-Рябку',
  'Весёлые Покойники',
  2000,
  'Народные песни',
  'Поллюцинация',
  3
), (
  'Надень Каску',
  'Пожравший Солнце',
  2009,
  'Металкор',
  'Комсомольцы Съели Ленина',
  4
), (
  'Россия Поднимается Чтобы Упасть',
  'Костерок',
  2007,
  'Постметал',
  'Телема 93',
  5
), (
  'Танцы Счастливых Дураков',
  'Весёлые Покойники',
  2000,
  'Постхардкор',
  'Поллюцинация',
  8
), (
  'Над Пропастью Во Лжи',
  'Пожравший Солнце',
  2011,
  'Математический метал',
  NULL,
  7
), (
  'Ио, Пан! Ио, Пан, Пан!',
  'Костерок',
  2007,
  'Постметал',
  'Телема 93',
  10
), (
  'Облака Без Воды',
  'Костерок',
  2007,
  'Постметал',
  'Телема 93',
  2
), (
  'Червь, Проглотивший Мир',
  'Пожравший Солнце',
  2012,
  'Математический метал',
  NULL,
  6
), (
  'Гироскутеры Смерти',
  'Пожравший Солнце',
  2009,
  'Металкор',
  'Комсомольцы Съели Ленина',
  7
), (
  'Гимн Вейперов',
  'Пожравший Солнце',
  2009,
  'Металкор',
  'Комсомольцы Съели Ленина',
  9
), (
  'Крысиный Король',
  'Весёлые Покойники',
  2017,
  'Деткор',
  NULL,
  6
), (
  'Триннадцать чёрных свечей',
  'Костерок',
  2007,
  'Постметал',
  'Телема 93',
  7
), (
  'У ночного костра я тебя доедал',
  'Весёлые Покойники',
  1997,
  'Хардкор',
  'А В Морге Тишь',
  2
);

INSERT INTO awards VALUES (
  'Лучшая патриотическая песня 1980',
  'Родина',
  'Иванов Иван Иванович'
), (
  'Лучший вокал 1980',
  'Родина',
  'Иванов Иван Иванович'
), (
  'Лучший инструментарий 1980',
  'Родина',
  'Иванов Иван Иванович'
), (
  'Лучшая поп-песня 2005',
  'Счастье',
  'Солнышко'
), (
  'Золотая Горгулья 2009',
  'Гимн Вейперов',
  'Пожравший Солнце'
), (
  'Премия МВД 2007',
  'Россия Поднимается Чтобы Упасть',
  'Костерок'
), (
  'Шансон Года 2010',
  'Волки Уралмаша',
  'Пожравший Солнце'
), (
  'БОГ ЭФИРА 2007',
  'Я — Бог:.',
  'Костерок'
), (
  'Премия имени Венедикта Ерофеева 2018',
  'Поминки Знахаря',
  'Пожравший Солнце'
);
